{
    "header": [
        "Principles of Programming Languages, 2021-22, Fall, Shlomo Hoory",
        "Hw1-2, Homework 1, Deadline:2021-11-13 23:55:00"
    ],
    "compile": {
        "error": "Directory 36_Hw1-2_203130851_312238629 exists. Aborting..\nPlease CLEAR RESULTS DIRECTORY for a second check\n",
        "error_file": "",
        "link_error_file": "",
        "log": ""
    },
    "warning": [
        "Warning: Deadline is due !!"
    ],
    "tests": {
        "1": {
            "name": "1",
            "grade": "",
            "warning": "",
            "input_file": "/var/www/html/hoorys/homework/36/Hw1-2/input1",
            "output_file": "myOutput1.txt",
            "error_file": "myError1.txt",
            "diff_file": "",
            "log": "",
            "result": "",
            "error": ""
        }
    },
    "exception": [],
    "summary": []
}